{"stats":{"minecraft:picked_up":{"minecraft:crafting_table":3,"minecraft:splash_potion":1,"minecraft:chicken":1,"minecraft:wooden_pickaxe":1,"minecraft:gold_block":2,"minecraft:potion":3,"minecraft:nether_brick":15,"minecraft:red_bed":4,"minecraft:string":10,"minecraft:flint_and_steel":1,"minecraft:blackstone":36,"minecraft:gold_nugget":116,"minecraft:bucket":1,"minecraft:beef":21,"minecraft:iron_nugget":143,"minecraft:sugar_cane":8,"minecraft:furnace":6,"minecraft:egg":1,"born_in_chaos_v1:shattered_skull":1,"minecraft:acacia_log":12,"minecraft:fire_charge":6,"minecraft:polished_blackstone_bricks":5,"minecraft:golden_axe":1,"born_in_chaos_v1:pieceofdarkmetal":3,"minecraft:golden_chestplate":1,"minecraft:orange_bed":4,"minecraft:arrow":56,"minecraft:rotten_flesh":5,"minecraft:hay_block":120,"minecraft:gold_ingot":59,"minecraft:obsidian":5,"minecraft:mutton":6,"minecraft:white_wool":3,"minecraft:cobblestone":34,"born_in_chaos_v1:corpse_maggot":1,"minecraft:feather":1,"minecraft:cooked_beef":15,"minecraft:golden_carrot":5,"minecraft:leather":16,"minecraft:flint":4,"minecraft:oak_log":6,"minecraft:ancient_debris":2,"minecraft:golden_boots":1,"minecraft:cooked_mutton":3,"minecraft:bone":3,"minecraft:acacia_planks":3,"minecraft:wheat_seeds":9,"minecraft:iron_ingot":4,"minecraft:stone_pickaxe":1,"minecraft:stone_hoe":1,"minecraft:oak_planks":4,"minecraft:soul_sand":6,"minecraft:cooked_porkchop":5,"minecraft:quartz":10,"minecraft:gravel":75,"minecraft:white_bed":2,"minecraft:grass_block":1,"minecraft:crying_obsidian":2,"minecraft:spectral_arrow":30,"minecraft:spider_eye":1,"minecraft:stone_axe":1,"minecraft:cracked_polished_blackstone_bricks":3,"minecraft:emerald":10,"minecraft:bread":2,"minecraft:netherrack":35},"minecraft:dropped":{"minecraft:golden_boots":1,"minecraft:stone_hoe":1,"minecraft:soul_sand":6,"born_in_chaos_v1:shattered_skull":1,"minecraft:wheat_seeds":9,"minecraft:feather":1,"born_in_chaos_v1:pieceofdarkmetal":2,"minecraft:acacia_log":3,"minecraft:grass_block":1,"minecraft:flint":2,"minecraft:golden_carrot":11,"minecraft:fire_charge":1,"minecraft:gold_nugget":3,"minecraft:gold_ingot":70,"minecraft:bone":3,"minecraft:gravel":5,"minecraft:furnace":2,"minecraft:iron_nugget":18,"minecraft:nether_brick":13,"minecraft:chicken":1,"aquamirae:abyssal_leggings":2,"aquamirae:abyssal_heaume":2,"minecraft:piglin_banner_pattern":1,"born_in_chaos_v1:corpse_maggot":1,"aquamirae:abyssal_boots":2,"minecraft:beef":4,"aquamirae:abyssal_brigantine":2,"minecraft:crying_obsidian":6,"minecraft:quartz":10},"minecraft:custom":{"minecraft:interact_with_anvil":1,"minecraft:mob_kills":45,"minecraft:interact_with_crafting_table":11,"minecraft:damage_dealt_resisted":1816,"minecraft:leave_game":4,"minecraft:time_since_death":33437,"minecraft:climb_one_cm":33,"minecraft:sprint_one_cm":187883,"minecraft:walk_one_cm":134214,"minecraft:drop":40,"minecraft:play_time":118001,"minecraft:deaths":3,"minecraft:sneak_time":3553,"minecraft:walk_under_water_one_cm":357,"minecraft:jump":1505,"minecraft:walk_on_water_one_cm":3123,"minecraft:total_world_time":118001,"minecraft:interact_with_furnace":25,"minecraft:sleep_in_bed":3,"minecraft:time_since_rest":31038,"minecraft:damage_taken":1369,"minecraft:damage_dealt":5858,"minecraft:swim_one_cm":2965,"minecraft:fly_one_cm":1106173,"minecraft:open_chest":19,"minecraft:crouch_one_cm":11468,"tombstone:undead_killed":8,"minecraft:fall_one_cm":47662},"minecraft:killed_by":{"minecraft:piglin_brute":1},"minecraft:crafted":{"minecraft:oak_planks":24,"minecraft:furnace":2,"minecraft:cooked_mutton":6,"minecraft:flint_and_steel":1,"minecraft:stone_pickaxe":1,"minecraft:stone_hoe":1,"minecraft:golden_boots":1,"minecraft:cooked_beef":16,"minecraft:crafting_table":2,"minecraft:wooden_pickaxe":1,"minecraft:bucket":1,"minecraft:stone_axe":1,"minecraft:air":0,"minecraft:stick":8,"minecraft:gold_ingot":42,"minecraft:white_bed":1,"minecraft:acacia_planks":36},"minecraft:mined":{"minecraft:nether_gold_ore":14,"minecraft:white_bed":1,"minecraft:chiseled_polished_blackstone":1,"minecraft:acacia_log":9,"minecraft:grass_block":4,"minecraft:cracked_polished_blackstone_bricks":5,"minecraft:hay_block":83,"minecraft:polished_blackstone_bricks":6,"minecraft:furnace":4,"minecraft:fire":12,"minecraft:gold_block":2,"minecraft:stone":29,"minecraft:orange_bed":2,"minecraft:acacia_leaves":1,"minecraft:red_bed":2,"minecraft:blackstone":5,"minecraft:crimson_nylium":2,"minecraft:crafting_table":3,"minecraft:tall_grass":4,"minecraft:sugar_cane":1,"minecraft:grass":36,"minecraft:oak_log":6,"minecraft:gravel":18,"minecraft:acacia_planks":4,"minecraft:netherrack":33},"minecraft:used":{"minecraft:flint_and_steel":1,"aquamirae:abyssal_heaume":1,"minecraft:stone_hoe":87,"minecraft:netherrack":35,"born_in_chaos_v1:green_stained_glass_panel":4,"minecraft:anvil":1,"spartanweaponry:netherite_longbow":46,"twilightforest:sorting_door":3,"minecraft:obsidian":5,"aquamirae:abyssal_brigantine":1,"spartanweaponry:diamond_battleaxe":37,"minecraft:lava_bucket":40,"naturalist:verdant_froglass":7,"aquamirae:abyssal_leggings":1,"minecraft:golden_carrot":5,"minecraft:beef":1,"minecraft:hay_block":48,"minecraft:furnace":4,"cfm:birch_cabinet":1,"minecraft:egg":1,"minecraft:cooked_beef":10,"minecraft:acacia_planks":9,"twilightforest:time_door":3,"minecraft:golden_axe":6,"minecraft:golden_boots":1,"minecraft:cooked_mutton":3,"minecraft:water_bucket":2,"naturalist:cooked_egg":1,"minecraft:stone_pickaxe":82,"minecraft:blackstone":36,"minecraft:wooden_pickaxe":3,"twilightforest:mining_door":3,"minecraft:polished_blackstone_bricks":5,"minecraft:gilded_blackstone":8,"minecraft:crafting_table":5,"naturalist:azure_froglass":15,"minecraft:white_bed":1,"rottencreatures:treasure_chest":2,"minecraft:diamond_pickaxe":17,"minecraft:crying_obsidian":9,"minecraft:cracked_polished_blackstone_bricks":3,"minecraft:bread":6,"aquamirae:abyssal_boots":1,"minecraft:gravel":21,"cfm:stripped_dark_oak_chair":1,"minecraft:stone_axe":43,"minecraft:cobblestone":5,"minecraft:bucket":43},"minecraft:killed":{"naturalist:lion":2,"minecraft:spider":2,"born_in_chaos_v1:zombie_bruiser":2,"minecraft:skeleton":5,"minecraft:chicken":1,"born_in_chaos_v1:skeleton_thrasher":2,"minecraft:piglin":2,"minecraft:pig":2,"born_in_chaos_v1:swarmer":2,"minecraft:iron_golem":1,"minecraft:creeper":4,"endermanoverhaul:savanna_enderman":2,"minecraft:sheep":5,"minecraft:zombie":7,"born_in_chaos_v1:corpse_fly":6,"minecraft:ghast":2,"minecraft:cow":22}},"DataVersion":3120}