{"stats":{"minecraft:dropped":{"minecraft:gravel":4,"minecraft:wheat_seeds":9,"minecraft:gold_ingot":2},"minecraft:killed":{"minecraft:iron_golem":1,"minecraft:sheep":3,"minecraft:skeleton":1,"minecraft:zombie":1,"minecraft:cow":8},"minecraft:custom":{"minecraft:interact_with_furnace":25,"minecraft:mob_kills":14,"minecraft:interact_with_crafting_table":11,"minecraft:time_since_death":24848,"minecraft:sleep_in_bed":3,"minecraft:time_since_rest":8363,"minecraft:sprint_one_cm":82997,"minecraft:damage_taken":285,"minecraft:walk_one_cm":59866,"minecraft:drop":6,"minecraft:damage_dealt":2438,"minecraft:swim_one_cm":2965,"minecraft:fly_one_cm":273691,"minecraft:open_chest":4,"minecraft:crouch_one_cm":3842,"minecraft:play_time":29696,"minecraft:deaths":1,"minecraft:sneak_time":850,"minecraft:walk_under_water_one_cm":357,"minecraft:jump":600,"minecraft:walk_on_water_one_cm":3123,"minecraft:total_world_time":29696,"minecraft:fall_one_cm":21634},"minecraft:picked_up":{"minecraft:crafting_table":3,"minecraft:leather":6,"minecraft:flint":2,"minecraft:oak_log":6,"minecraft:red_bed":2,"minecraft:acacia_planks":3,"minecraft:wheat_seeds":9,"minecraft:gold_nugget":57,"minecraft:beef":17,"minecraft:iron_ingot":4,"minecraft:sugar_cane":4,"minecraft:oak_planks":4,"minecraft:furnace":4,"minecraft:acacia_log":9,"minecraft:gravel":23,"minecraft:white_bed":1,"minecraft:orange_bed":2,"minecraft:arrow":2,"minecraft:hay_block":80,"minecraft:netherrack":20,"minecraft:mutton":6,"minecraft:white_wool":3,"minecraft:cobblestone":29},"minecraft:crafted":{"minecraft:cooked_beef":16,"minecraft:oak_planks":24,"minecraft:crafting_table":2,"minecraft:wooden_pickaxe":1,"minecraft:furnace":2,"minecraft:bucket":1,"minecraft:stone_axe":1,"minecraft:cooked_mutton":6,"minecraft:air":0,"minecraft:flint_and_steel":1,"minecraft:stick":8,"minecraft:stone_pickaxe":1,"minecraft:gold_ingot":6,"minecraft:white_bed":1,"minecraft:acacia_planks":36,"minecraft:stone_hoe":1,"minecraft:golden_boots":1},"minecraft:used":{"minecraft:cooked_mutton":3,"minecraft:water_bucket":1,"minecraft:flint_and_steel":1,"minecraft:stone_pickaxe":65,"minecraft:wooden_pickaxe":3,"minecraft:stone_hoe":87,"minecraft:netherrack":20,"minecraft:crafting_table":5,"minecraft:white_bed":1,"minecraft:lava_bucket":20,"minecraft:bread":3,"minecraft:gravel":10,"minecraft:stone_axe":43,"minecraft:beef":1,"minecraft:hay_block":21,"minecraft:furnace":4,"minecraft:bucket":22,"minecraft:cooked_beef":1,"minecraft:acacia_planks":9},"minecraft:mined":{"minecraft:nether_gold_ore":14,"minecraft:acacia_leaves":1,"minecraft:white_bed":1,"minecraft:red_bed":2,"minecraft:crimson_nylium":1,"minecraft:crafting_table":3,"minecraft:acacia_log":9,"minecraft:grass_block":4,"minecraft:tall_grass":4,"minecraft:sugar_cane":1,"minecraft:hay_block":81,"minecraft:furnace":4,"minecraft:fire":3,"minecraft:grass":29,"minecraft:oak_log":6,"minecraft:gravel":13,"minecraft:acacia_planks":4,"minecraft:stone":29,"minecraft:netherrack":19,"minecraft:orange_bed":2}},"DataVersion":3120}