{"stats":{"minecraft:killed":{"minecraft:skeleton":1},"minecraft:picked_up":{"minecraft:oak_log":6,"minecraft:arrow":2},"minecraft:custom":{"minecraft:jump":12,"minecraft:time_since_rest":894,"minecraft:damage_dealt":200,"minecraft:sprint_one_cm":1704,"minecraft:play_time":5696,"minecraft:deaths":1,"minecraft:time_since_death":848,"minecraft:walk_one_cm":3737,"minecraft:total_world_time":5696,"minecraft:mob_kills":1,"minecraft:fall_one_cm":269,"minecraft:fly_one_cm":135428},"minecraft:crafted":{"minecraft:oak_planks":24},"minecraft:mined":{"minecraft:grass":1,"minecraft:oak_log":6}},"DataVersion":3120}