{"stats":{"minecraft:killed":{"minecraft:piglin":2,"minecraft:iron_golem":1,"minecraft:sheep":3,"minecraft:skeleton":1,"minecraft:zombie":1,"minecraft:chicken":1,"minecraft:ghast":2,"minecraft:cow":8},"minecraft:crafted":{"minecraft:cooked_beef":16,"minecraft:oak_planks":24,"minecraft:crafting_table":2,"minecraft:wooden_pickaxe":1,"minecraft:furnace":2,"minecraft:bucket":1,"minecraft:stone_axe":1,"minecraft:cooked_mutton":6,"minecraft:air":0,"minecraft:flint_and_steel":1,"minecraft:stick":8,"minecraft:stone_pickaxe":1,"minecraft:gold_ingot":42,"minecraft:white_bed":1,"minecraft:acacia_planks":36,"minecraft:stone_hoe":1,"minecraft:golden_boots":1},"minecraft:mined":{"minecraft:nether_gold_ore":14,"minecraft:acacia_leaves":1,"minecraft:white_bed":1,"minecraft:red_bed":2,"minecraft:blackstone":5,"minecraft:crimson_nylium":2,"minecraft:crafting_table":3,"minecraft:chiseled_polished_blackstone":1,"minecraft:acacia_log":9,"minecraft:grass_block":4,"minecraft:cracked_polished_blackstone_bricks":5,"minecraft:tall_grass":4,"minecraft:sugar_cane":1,"minecraft:hay_block":83,"minecraft:polished_blackstone_bricks":6,"minecraft:furnace":4,"minecraft:fire":12,"minecraft:gold_block":2,"minecraft:grass":36,"minecraft:oak_log":6,"minecraft:gravel":18,"minecraft:acacia_planks":4,"minecraft:stone":29,"minecraft:netherrack":33,"minecraft:orange_bed":2},"minecraft:picked_up":{"minecraft:crafting_table":3,"minecraft:feather":1,"minecraft:cooked_beef":15,"minecraft:splash_potion":1,"minecraft:chicken":1,"minecraft:golden_carrot":5,"minecraft:leather":12,"minecraft:wooden_pickaxe":1,"minecraft:gold_block":2,"minecraft:potion":3,"minecraft:flint":4,"minecraft:nether_brick":15,"minecraft:oak_log":6,"minecraft:ancient_debris":2,"minecraft:golden_boots":1,"minecraft:string":8,"minecraft:red_bed":4,"minecraft:flint_and_steel":1,"minecraft:cooked_mutton":3,"minecraft:blackstone":36,"minecraft:acacia_planks":3,"minecraft:wheat_seeds":9,"minecraft:gold_nugget":116,"minecraft:bucket":1,"minecraft:iron_ingot":4,"minecraft:beef":17,"minecraft:stone_pickaxe":1,"minecraft:iron_nugget":143,"minecraft:sugar_cane":8,"minecraft:stone_hoe":1,"minecraft:oak_planks":4,"minecraft:soul_sand":6,"minecraft:furnace":6,"minecraft:egg":1,"minecraft:cooked_porkchop":5,"minecraft:quartz":10,"minecraft:acacia_log":9,"minecraft:gravel":75,"minecraft:fire_charge":6,"minecraft:polished_blackstone_bricks":5,"minecraft:golden_axe":1,"minecraft:white_bed":2,"minecraft:crying_obsidian":2,"minecraft:spectral_arrow":30,"minecraft:golden_chestplate":1,"minecraft:orange_bed":4,"minecraft:arrow":56,"minecraft:stone_axe":1,"minecraft:cracked_polished_blackstone_bricks":3,"minecraft:hay_block":120,"minecraft:bread":2,"minecraft:gold_ingot":59,"minecraft:emerald":10,"minecraft:netherrack":35,"minecraft:obsidian":5,"minecraft:mutton":6,"minecraft:white_wool":3,"minecraft:cobblestone":34},"minecraft:used":{"minecraft:cooked_mutton":3,"minecraft:water_bucket":2,"minecraft:flint_and_steel":1,"naturalist:cooked_egg":1,"minecraft:stone_pickaxe":82,"minecraft:blackstone":36,"minecraft:wooden_pickaxe":3,"twilightforest:mining_door":3,"minecraft:polished_blackstone_bricks":5,"minecraft:stone_hoe":87,"minecraft:netherrack":35,"minecraft:gilded_blackstone":8,"born_in_chaos_v1:green_stained_glass_panel":4,"minecraft:crafting_table":5,"naturalist:azure_froglass":15,"minecraft:white_bed":1,"twilightforest:sorting_door":3,"minecraft:obsidian":5,"rottencreatures:treasure_chest":2,"minecraft:diamond_pickaxe":17,"minecraft:lava_bucket":40,"minecraft:crying_obsidian":9,"naturalist:verdant_froglass":7,"minecraft:cracked_polished_blackstone_bricks":3,"minecraft:bread":6,"minecraft:gravel":21,"minecraft:stone_axe":43,"minecraft:cobblestone":5,"minecraft:golden_carrot":5,"minecraft:beef":1,"minecraft:hay_block":48,"minecraft:furnace":4,"minecraft:bucket":43,"minecraft:egg":1,"minecraft:cooked_beef":10,"twilightforest:time_door":3,"minecraft:golden_axe":6,"minecraft:acacia_planks":9,"minecraft:golden_boots":1},"minecraft:custom":{"minecraft:interact_with_furnace":25,"minecraft:mob_kills":19,"minecraft:interact_with_crafting_table":11,"minecraft:leave_game":2,"minecraft:time_since_death":15822,"minecraft:sleep_in_bed":3,"minecraft:climb_one_cm":33,"minecraft:time_since_rest":13423,"minecraft:sprint_one_cm":167154,"minecraft:damage_taken":1369,"minecraft:walk_one_cm":119074,"minecraft:drop":25,"minecraft:damage_dealt":3047,"minecraft:swim_one_cm":2965,"minecraft:fly_one_cm":968555,"minecraft:open_chest":19,"minecraft:crouch_one_cm":11270,"minecraft:play_time":100386,"minecraft:deaths":3,"minecraft:sneak_time":3440,"minecraft:walk_under_water_one_cm":357,"minecraft:jump":1330,"minecraft:walk_on_water_one_cm":3123,"minecraft:total_world_time":100386,"minecraft:fall_one_cm":47662},"minecraft:killed_by":{"minecraft:piglin_brute":1},"minecraft:dropped":{"minecraft:stone_hoe":1,"minecraft:gravel":5,"minecraft:golden_boots":1,"minecraft:furnace":2,"minecraft:soul_sand":6,"minecraft:wheat_seeds":9,"minecraft:iron_nugget":18,"minecraft:nether_brick":13,"minecraft:chicken":1,"minecraft:feather":1,"minecraft:flint":2,"minecraft:golden_carrot":11,"minecraft:piglin_banner_pattern":1,"minecraft:fire_charge":1,"minecraft:gold_nugget":3,"minecraft:crying_obsidian":6,"minecraft:quartz":10,"minecraft:gold_ingot":70}},"DataVersion":3120}