{"stats":{"minecraft:dropped":{"minecraft:wheat_seeds":9},"minecraft:killed":{"minecraft:sheep":3,"minecraft:skeleton":1,"minecraft:zombie":1,"minecraft:cow":8},"minecraft:picked_up":{"minecraft:crafting_table":3,"minecraft:leather":6,"minecraft:acacia_log":9,"minecraft:oak_log":6,"minecraft:white_bed":1,"minecraft:arrow":2,"minecraft:acacia_planks":3,"minecraft:wheat_seeds":9,"minecraft:hay_block":77,"minecraft:beef":17,"minecraft:oak_planks":4,"minecraft:sugar_cane":4,"minecraft:mutton":6,"minecraft:white_wool":3,"minecraft:cobblestone":29,"minecraft:furnace":4},"minecraft:custom":{"minecraft:time_since_rest":9163,"minecraft:interact_with_furnace":25,"minecraft:sprint_one_cm":42510,"minecraft:damage_taken":135,"minecraft:walk_one_cm":32225,"minecraft:mob_kills":13,"minecraft:drop":4,"minecraft:damage_dealt":1781,"minecraft:swim_one_cm":2965,"minecraft:interact_with_crafting_table":8,"minecraft:fly_one_cm":210206,"minecraft:open_chest":1,"minecraft:crouch_one_cm":168,"minecraft:play_time":17696,"minecraft:deaths":1,"minecraft:sneak_time":33,"minecraft:walk_under_water_one_cm":321,"minecraft:jump":294,"minecraft:time_since_death":12848,"minecraft:walk_on_water_one_cm":607,"minecraft:sleep_in_bed":2,"minecraft:total_world_time":17696,"minecraft:fall_one_cm":9559},"minecraft:crafted":{"minecraft:cooked_beef":16,"minecraft:oak_planks":24,"minecraft:crafting_table":1,"minecraft:stick":8,"minecraft:wooden_pickaxe":1,"minecraft:stone_pickaxe":1,"minecraft:furnace":2,"minecraft:white_bed":1,"minecraft:acacia_planks":36,"minecraft:stone_hoe":1,"minecraft:stone_axe":1,"minecraft:cooked_mutton":6,"minecraft:air":0},"minecraft:used":{"minecraft:cooked_mutton":2,"minecraft:stone_pickaxe":31,"minecraft:wooden_pickaxe":3,"minecraft:stone_hoe":84,"minecraft:stone_axe":34,"minecraft:beef":1,"minecraft:hay_block":3,"minecraft:crafting_table":3,"minecraft:furnace":4,"minecraft:white_bed":1,"minecraft:cooked_beef":1},"minecraft:mined":{"minecraft:hay_block":78,"minecraft:acacia_leaves":1,"minecraft:white_bed":1,"minecraft:furnace":4,"minecraft:crafting_table":3,"minecraft:grass":26,"minecraft:acacia_log":9,"minecraft:oak_log":6,"minecraft:tall_grass":3,"minecraft:stone":29,"minecraft:sugar_cane":1}},"DataVersion":3120}