{"stats":{"minecraft:dropped":{"minecraft:gravel":4,"minecraft:wheat_seeds":9,"minecraft:fire_charge":1,"minecraft:gold_nugget":3,"minecraft:gold_ingot":11},"minecraft:killed":{"minecraft:iron_golem":1,"minecraft:sheep":3,"minecraft:skeleton":1,"minecraft:zombie":1,"minecraft:cow":8},"minecraft:killed_by":{"minecraft:piglin_brute":1},"minecraft:custom":{"minecraft:interact_with_furnace":25,"minecraft:mob_kills":14,"minecraft:interact_with_crafting_table":11,"minecraft:time_since_death":0,"minecraft:sleep_in_bed":3,"minecraft:time_since_rest":618,"minecraft:sprint_one_cm":137971,"minecraft:damage_taken":1091,"minecraft:walk_one_cm":87728,"minecraft:drop":9,"minecraft:damage_dealt":2438,"minecraft:swim_one_cm":2965,"minecraft:fly_one_cm":347248,"minecraft:open_chest":11,"minecraft:crouch_one_cm":6545,"minecraft:play_time":41696,"minecraft:deaths":2,"minecraft:sneak_time":1525,"minecraft:walk_under_water_one_cm":357,"minecraft:jump":990,"minecraft:walk_on_water_one_cm":3123,"minecraft:total_world_time":41696,"minecraft:fall_one_cm":36078},"minecraft:picked_up":{"minecraft:crafting_table":3,"minecraft:leather":6,"minecraft:potion":1,"minecraft:flint":2,"minecraft:oak_log":6,"minecraft:string":4,"minecraft:red_bed":2,"minecraft:acacia_planks":3,"minecraft:wheat_seeds":9,"minecraft:gold_nugget":57,"minecraft:beef":17,"minecraft:iron_ingot":4,"minecraft:iron_nugget":18,"minecraft:sugar_cane":4,"minecraft:oak_planks":4,"minecraft:furnace":4,"minecraft:acacia_log":9,"minecraft:gravel":23,"minecraft:fire_charge":1,"minecraft:polished_blackstone_bricks":5,"minecraft:white_bed":1,"minecraft:spectral_arrow":9,"minecraft:orange_bed":2,"minecraft:arrow":2,"minecraft:hay_block":82,"minecraft:gold_ingot":3,"minecraft:netherrack":35,"minecraft:mutton":6,"minecraft:white_wool":3,"minecraft:cobblestone":29},"minecraft:crafted":{"minecraft:cooked_beef":16,"minecraft:oak_planks":24,"minecraft:crafting_table":2,"minecraft:wooden_pickaxe":1,"minecraft:furnace":2,"minecraft:bucket":1,"minecraft:stone_axe":1,"minecraft:cooked_mutton":6,"minecraft:air":0,"minecraft:flint_and_steel":1,"minecraft:stick":8,"minecraft:stone_pickaxe":1,"minecraft:gold_ingot":15,"minecraft:white_bed":1,"minecraft:acacia_planks":36,"minecraft:stone_hoe":1,"minecraft:golden_boots":1},"minecraft:used":{"minecraft:cooked_mutton":3,"minecraft:water_bucket":2,"minecraft:flint_and_steel":1,"minecraft:stone_pickaxe":82,"minecraft:wooden_pickaxe":3,"minecraft:stone_hoe":87,"minecraft:polished_blackstone_bricks":5,"minecraft:netherrack":35,"minecraft:gilded_blackstone":8,"minecraft:crafting_table":5,"minecraft:white_bed":1,"minecraft:diamond_pickaxe":3,"minecraft:lava_bucket":27,"minecraft:crying_obsidian":5,"minecraft:bread":6,"minecraft:gravel":10,"minecraft:stone_axe":43,"minecraft:golden_carrot":4,"minecraft:beef":1,"minecraft:hay_block":44,"minecraft:furnace":4,"minecraft:bucket":29,"minecraft:cooked_beef":1,"minecraft:acacia_planks":9},"minecraft:mined":{"minecraft:nether_gold_ore":14,"minecraft:acacia_leaves":1,"minecraft:white_bed":1,"minecraft:red_bed":2,"minecraft:crimson_nylium":2,"minecraft:crafting_table":3,"minecraft:acacia_log":9,"minecraft:grass_block":4,"minecraft:tall_grass":4,"minecraft:sugar_cane":1,"minecraft:hay_block":83,"minecraft:polished_blackstone_bricks":5,"minecraft:furnace":4,"minecraft:fire":10,"minecraft:grass":29,"minecraft:oak_log":6,"minecraft:gravel":13,"minecraft:acacia_planks":4,"minecraft:stone":29,"minecraft:netherrack":33,"minecraft:orange_bed":2}},"DataVersion":3120}